tag,val
Graphic Design,1146
PHP,648
Photoshop,552
Web Development,535
Video Editing,508
HTML,488
Website Design,481
Adobe Illustrator,437
Logo Design,431
Illustrator,410
Social Media Marketing,396
Video Production,395
SEO,372
After Effects,367
Digital Marketing,365
Internet Marketing,352
Branding,340
Video Services,328
Adobe Photoshop,321
Mobile App Development,318
Content Writing,309
Lead Generation,303
Web Design,299
JavaScript,298
Content Creation,283
Animation,280
Visual Design,268
Data Entry,265
Data Analysis,262
WordPress,234
Sales,228
Adobe Premiere Pro,222
Excel,220
Marketing,213
AutoCAD,211
Android,209
Illustration,194
Creative Design,183
CSS,183
Research,180
Python,177
Project Management,177
Editing,171
Copywriting,167
Vector Design,166
Software Architecture,164
Social Media Management,162
iPhone,162
API Development,161
Facebook Marketing,160
Market Research,155
Article Writing,154
MySQL,151
Building Architecture,148
Data Management,148
Data Processing,143
Customer Service,143
Print Design,142
Proofreading,142
Typography,142
Research Writing,141
Business Development,139
Technical Writing,138
Software Development,137
Email Marketing,136
Motion Graphics,134
Content Marketing,133
API Integration,130
Automation,130
AI Development,126
Photo Editing,121
Final Cut Pro,118
Instagram Marketing,118
Audio Services,116
Data Visualization,113
Sales Management,112
Audio Editing,106
Frontend Development,104
Link Building,104
Ghostwriting,104
Content Strategy,103
Product Design,102
Building Design,102
Creative Writing,101
Documentation,101
Website Optimization,101
Interior Design,101
Java,96
Backend Development,95
Photography,94
Shopify,93
Report Writing,92
Video Processing,91
Sound Design,90
Database Management,89
Solidworks,89
Telemarketing,89
CRM,87
Image Processing,87
Business Analysis,87
Photoshop Design,86
Mechanical Engineering,84
Payment Gateway Integration,84
Corporate Identity,83
Videography,82
eCommerce,81
Adobe InDesign,79
Google Ads,79
iOS Development,78
Academic Writing,78
Google Adwords,77
Figma,76
Electrical Engineering,75
Data Collection,75
Conversion Rate Optimization,75
Financial Analysis,74
Digital Art,72
AI Content Creation,72
Flutter,72
Accounting,71
Analytics,71
Brochure Design,71
Advertising,71
Keyword Research,71
Adobe Creative Cloud,70
Website Development,70
AI Chatbot Development,70
Color Grading,69
Google Analytics,69
Account Management,69
Audio Production,68
Translation,68
User Experience Research,68
Virtual Assistant,67
Android App Development,67
Voice Talent,66
Civil Engineering,66
Voice Over,66
Local Job,65
Time Management,65
React Native,64
AI Model Development,63
Electronics,62
Game Development,62
Technical Support,61
Architecture,61
Leads,60
DaVinci Resolve,59
Sales Promotion,59
WooCommerce,59
Facebook Ads,59
Content Development,58
Google Sheets,58
Marketing Strategy,58
Blog Writing,58
Fashion Design,57
Linux,57
Cloud Computing,54
Visual Basic,53
Web Scraping,53
Embedded Systems,52
Visual Arts,52
Technical Documentation,52
Troubleshooting,50
Engineering,50
Blender,50
Structural Engineering,49
Canva,49
Twitter,48
Risk Management,48
Word,47
Construction,47
Article Rewriting,47
Home Design,46
Writing,46
Brand Management,46
Compliance,46
Web Search,45
Game Design,45
Web Application,44
PDF,43
Prototyping,43
Inventory Management,43
Legal Research,42
Full Stack Development,42
API,42
Legal Writing,42
Construction Management,42
Packaging Design,42
Audio Engineering,42
Microsoft Word,41
Search Engine Marketing,41
App Development,41
SEO Writing,41
CapCut,41
Video Ads,41
SQL,41
Statistical Analysis,41
REST API,40
Architectural Engineering,39
Transcription,39
Finance,39
Adobe Creative Suite,39
YouTube,39
Django,38
Revit,38
Legal,38
Web Security,37
PostgreSQL,37
Administrative Support,37
Shopify Development,37
Lighting Design,37
Visual Effects,37
C Programming,37
Debugging,37
Software Engineering,36
Drafting,36
Powerpoint,36
Shopify Templates,36
Email Handling,35
App Design,35
Network Security,35
Script Writing,35
Influencer Marketing,34
Software Testing,34
Product Descriptions,34
SketchUp,34
Mobile Development,34
Laravel,33
Legal Consultation,33
Digital Design,33
Business Consulting,33
PCB Layout,32
Network Administration,32
English Translation,32
Typing,32
Business Writing,32
Circuit Design,31
Market Analysis,31
Excel VBA,31
Excel Macros,31
Customer Experience,30
Customer Support,30
Website Management,30
Copy Typing,29
Microcontroller,29
Data Integration,29
Product Photography,29
Logistics,29
Payment Processing,29
Banner Design,29
Art Consulting,29
Product Management,29
Building Engineering,29
Data Cleansing,28
Poster Design,28
Statistics,28
Engineering Drawing,27
Kotlin,27
WordPress Design,27
Financial Consulting,27
Simulation,27
Manufacturing Design,27
Performance Tuning,27
Building Information Modeling,26
Real Estate,26
Character Illustration,26
AI Animation,26
Artificial Intelligence,26
AI Design,26
Music,26
Git,26
Agile Development,26
Language Tutoring,26
Furniture Design,25
Bookkeeping,25
Manufacturing,25
Photo Retouching,25
Textile Design,25
Affiliate Marketing,25
Data Extraction,24
Blog,24
AI Art Creation,24
Unity,24
Icon Design,24
Mechanical Design,24
Usability Testing,24
Adobe Lightroom,24
Architectural Visualization,24
Product Development,23
Instructional Design,23
DevOps,23
YouTube Video Editing,23
AI Agents,23
Maya,23
Data Mining,23
AngularJS,23
AI Chatbot,22
Elementor,22
Web Hosting,22
Event Management,22
Business Strategy,22
Voice Acting,22
Video Streaming,22
Word Processing,21
Label Design,21
Academic Research,21
Art Installation,21
CMS,21
Flyer Design,20
Background Removal,20
Matlab and Mathematica,20
AI Content Editing,20
Docker,20
Contracts,20
Natural Language Processing,20
Book Writing,20
Construction Engineering,19
Data Modeling,19
Music Production,19
Event Planning,19
Database Administration,19
Power BI,18
App Store Optimization,18
System Administration,18
Instagram,18
Data Science,18
Fiction,18
Qualitative Research,18
Stripe,18
Mathematics,18
Amazon Web Services,18
Proposal Writing,18
Commercials,18
System Admin,18
Game Testing,18
Risk Assessment,18
TikTok,18
Computer Security,17
iPad,17
Database Development,17
Data Protection,17
Website Testing,17
Tax Compliance,17
AI Writing,17
Computer Vision,17
SaaS,17
Audio Mastering,17
Objective C,17
Adobe XD,17
Copy Editing,17
Contract Management,17
Security,16
JSON,16
Algorithm,16
Recruitment,16
Arduino,16
Scripting,16
Business Card Design,16
Data Scraping,16
Test Automation,16
Cinematography,16
Performance Management,16
Penetration Testing,16
Architectural Rendering,16
VoIP,16
Building Regulations,16
Cryptocurrency,16
Social Networking,16
Fashion Consulting,16
Network Engineering,16
Concept Design,16
ERP,15
Financial Planning,15
Zoom,15
Financial Research,15
Public Speaking,15
Twilio,15
Android Studio,15
FastAPI,15
Industrial Design,15
Design,15
eBay,15
Public Relations,15
Intuit QuickBooks,15
Blockchain,15
OpenAI,15
Legal Analysis,15
English Grammar,15
Financial Markets,14
Zapier,14
Signal Processing,14
Backtesting,14
Data Analytics,14
Asterisk PBX,14
Pattern Making,14
Freelance,14
Mobile App Testing,14
Unreal Engine,14
Appointment Setting,14
Environmental Engineering,14
Design Optimization,14
Selenium,14
Painting,14
Adobe Animate,14
Design Thinking,14
PhoneGap,13
Finite Element Analysis,13
Resumes,13
Film Production,13
Instagram Ads,13
Wix,13
Visual Basic for Apps,13
MongoDB,13
Programming,13
Microsoft Office,13
Spanish Translator,13
Zoho,13
Android SDK,13
Landscape Design,13
PPC Marketing,13
Writing Tutoring,13
Talent Acquisition,12
Publishing,12
Webflow,12
AI Content Writing,12
Call Center,12
Chemical Engineering,12
Financial Modeling,12
Tax Preparation,12
Hindi Translator,12
Sourcing,12
Training,12
Network Monitoring,12
eBooks,12
Swift,12
Google Docs,12
Xero,12
DNS,12
Pattern Design,12
Communications,12
Book Cover Design,12
Sharepoint,11
Chatbot,11
Voice Assistance Devices,11
Adobe Flash,11
Accessibility,11
Tailwind CSS,11
Infographics,11
Supplier Sourcing,11
Audit,11
Sketching,11
Strategic Planning,11
Shopping Cart Integration,11
Customer Retention,11
Oracle,11
Bank Reconciliation,11
Property Management,11
English Spelling,11
Research and Development,11
Telecommunications Engineering,11
AI Research,11
Conflict Resolution,11
Video Conferencing,11
User Research,11
Human Resources,11
Microsoft Access,11
Medical Writing,11
RESTful API,11
Amazon,11
Audio Processing,10
Bulk Marketing,10
Process Automation,10
Metatrader,10
AI Image Editing,10
Advertisement Design,10
Redis,10
SVG,10
Textile Engineering,10
Geolocation,10
Supply Chain,10
Power Automate,10
Consulting,10
Internet Research,10
WordPress Plugin,10
Dart,10
Business Intelligence,10
Litigation,10
Business Plans,10
Microsoft SQL Server,10
Sound Engineering,10
Odoo,10
Vectorization,10
Installation,10
Email Campaign,10
Web Services,10
Arabic Translator,10
SAP,10
NLP,9
Fundraising,9
Sewing,9
Inspections,9
Audiobook,9
Environmental Consulting,9
Competitor Analysis,9
BeautifulSoup,9
API Testing,9
Product Sourcing,9
Change Management,9
AWS Lambda,9
Continuous Integration,9
Industrial Engineering,9
Database Design,9
GoHighLevel,9
HVAC,9
Azure,9
Tax Law,9
GitHub,9
SPSS Statistics,9
Robotics,9
Apache,9
Zoho CRM,9
Interviewing,9
Scientific Writing,9
Google App Engine,9
OpenCV,9
AI Model Integration,9
Deep Learning,9
cPanel,9
Smart Contracts,9
Linkedin,8
Tableau,8
Growth Hacking,8
Procurement,8
Fashion Modeling,8
Regression Testing,8
Predictive Analytics,8
GraphQL,8
Ubuntu,8
Carpentry,8
ETL,8
Database Programming,8
Photo Restoration,8
Presentations,8
Travel Ready,8
Microsoft,8
Wireless,8
AI Graphic Design,8
Roblox,8
Customer Strategy,8
Video Upload,8
Microservices,8
Simplified Chinese Translator,8
SEO Auditing,8
Security Systems,8
Employment Law,8
Educational Research,8
Web Testing,8
Flask,8
Telephone Handling,8
Internet Security,8
Generative AI,8
English Tutoring,8
PLC,8
Building Certification,7
Film Editing,7
Filmmaking,7
Toon Boom,7
Desktop Application,7
Image Analysis,7
Cloud Security,7
Pandas,7
Drawing Artist,7
ChatGPT,7
Spring Boot,7
PCB Design and Layout,7
Camtasia,7
Automotive Engineering,7
Klaviyo,7
Conversational AI,7
English Teaching,7
Startup Consulting,7
Nutrition,7
Concept Art,7
IT Project Management,7
Tax,7
Sales Account Management,7
Game UI,7
Retail Sales,7
Bot Development,7
Comedy Writing,7
Wikipedia,7
Adobe Acrobat,7
Inbound Marketing,7
Kubernetes,7
Physics,7
Portfolio Management,7
Typescript,7
VPN,7
LaTeX,7
Training Development,7
Legal Assistance,7
Altium Designer,7
Urban Planning,7
LangChain,7
Big Data Sales,7
Floor Plan,7
Shipping,7
Page Speed Optimization,7
Plumbing,7
Twitter Marketing,7
SQLite,7
AI Consulting,7
PayPal,7
AI Rendering,7
Trading,7
Product Marketing,7
Operations Management,7
Digital Forensics,6
Landing Pages,6
Google Maps API,6
Data Governance,6
Cisco,6
VPS,6
Career Consulting,6
Framer,6
History,6
Game Art,6
Image Recognition,6
Voice Artist,6
Fashion Writing,6
Medical Research,6
Chatbot Integration,6
Personal Development,6
Payroll,6
Magento,6
Thermal Analysis,6
CCTV,6
Essay Writing,6
Legal Translation,6
MYOB,6
Screenwriting,6
Video Game Coaching,6
Mailchimp,6
Visual Merchandising,6
SSL,6
Interaction Design,6
Odd Jobs,6
Wireframes,6
App Developer,6
Document Checking,6
Angular,6
Product Research,6
Sound Effects,6
CorelDRAW,6
GPS,6
Reverse Engineering,6
Salesforce App Development,6
Field Sales,6
Math Tutoring,6
Explainer Videos,6
Short Stories,6
Windows Server,6
Drone Photography,6
Intellectual Property Law,6
Hadoop,5
Containerization,5
Real Estate Management,5
Patents,5
Manufacturing Engineering,5
Landscaping,5
SIP,5
Thermodynamics,5
Business Management,5
Process Engineering,5
Journalism,5
Food Safety,5
Psychology,5
Brand Marketing,5
Antenna Design,5
French Translator,5
Sustainability,5
Scrapy,5
Health,5
Google Adsense,5
Amazon FBA,5
RESTful,5
Control Engineering,5
MQTT,5
Google Firebase,5
Airtable,5
Augmented Reality,5
Test Plan Writing,5
SMTP,5
Scientific Research,5
Investigation,5
Home Automation,5
Windows Desktop,5
Logo Animation,5
Microsoft Azure,5
Project Planning,5
Level Design,5
Phone Support,5
CV Design,5
Urdu Translator,5
Autodesk Revit,5
SEMrush,5
Graphic Art,5
Geotechnical Engineering,5
AI Mobile App Development,5
Menu Design,5
Notion,5
Social Media Copy,5
Gardening,4
Statistical Modeling,4
Oil Painting,4
Raspberry Pi,4
ARKit,4
Alerting,4
Midjourney,4
Google Chrome,4
Project Scheduling,4
Financial Accounting,4
Amazon Listings Optimization,4
Remote Sensing,4
Podcasting,4
Helpdesk,4
Minecraft,4
Gamification,4
Amazon Ads,4
Castilian Spanish Translator,4
Assembly,4
Geospatial,4
Telegram API,4
Amazon Product Launch,4
Automotive,4
Terraform,4
Hubspot,4
Motion Design,4
Cloud,4
Stationery Design,4
Business Plan Writing,4
Lua,4
Bluetooth,4
Infrastructure Architecture,4
XML,4
WiFi,4
Travel Writing,4
Pinterest,4
Data Warehousing,4
Jenkins,4
Marine Engineering,4
Media Relations,4
Leadership Development,4
Article Submission,4
Large Language Model,4
Google Slides,4
Decoration,4
Academic Publishing,4
Google PageSpeed Insights,4
Catalog Design,4
Japanese Translator,4
App Publication,4
Asset Management,4
OCR,4
Pine Script,4
Website Build,4
White Hat SEO,4
Sentiment Analysis,4
Investment Management,4
Streamlit,4
Card Design,4
Print,4
Web API,4
Urban Design,4
Analog Electronics,4
Lighting,4
Medical,4
Storyboard,4
Attorney,4
Fitness,4
Virtual Machines,4
QlikView,4
Accessibility Testing,4
Email Developer,4
Geofencing,4
MariaDB,4
LAMP,4
BigQuery,4
Grant Writing,4
Family Law,4
Invitation Design,4
Cryptography,4
Book Marketing,4
Nginx,4
Agile Project Management,4
HTTP,4
Online Writing,4
Instrumentation,4
Wireless Site Survey,4
OpenGL,4
Prestashop,4
Virtualization,3
Photoshop Coding,3
Android UI Design,3
Appfolio,3
Facebook Pixel,3
Voice Synthesis,3
Economics,3
Website Analytics,3
Dutch Translator,3
Interspire,3
Education Consulting,3
Exterior Design,3
Workforce Management,3
Express JS,3
Microsoft PowerBI,3
GoDaddy,3
Edge Computing,3
MATLAB,3
Catering Services,3
German Translator,3
Podcast Editing,3
BPO,3
ARCore,3
Spark,3
WHMCS,3
Video Hardware,3
Data Architecture,3
Budgeting and Forecasting,3
Wireless Network Security Analysis,3
Power Supply,3
Healthcare Education,3
Customer Retention Marketing,3
Portuguese Translator,3
PowerApps,3
Digital Painting,3
Software Documentation,3
VMware,3
WebRTC,3
Biography Writing,3
Memoir Writing,3
Account Receivables Management,3
Certified Ethical Hacking,3
Facebook API,3
Environmental Science,3
phpMyAdmin,3
Bubble Developer,3
Systems Engineering,3
Funnel,3
Book Design,3
User Story Writing,3
Manga,3
CNC,3
Jewellery,3
Discord,3
Solar,3
LinkedIn Recruiting,3
Bootstrap,3
Linguistics,3
Furniture Assembly,3
Sticker Design,3
Process Simulation,3
LinkedIn Profile,3
Technical Translation,3
Dropshipping,3
Corporate Law,3
Salesforce Lightning,3
LLM Prompt Engineering,3
Romance Writing,3
Management,3
Eventbrite,3
FinTech,3
Radio Frequency,3
Aerospace Engineering,3
Wealth Management,3
Lottie,3
Procreate,3
Materials Science,3
CATIA,3
Yoga,3
GTmetrix,3
Viral Marketing,3
Reviews,3
Embedded Software,3
Squarespace,3
Microsoft Outlook,3
jQuery,3
Customer Service Chatbot,3
Entrepreneurship,3
Science Tutoring,3
Server,3
Splunk,3
Expo,3
Costume Design,3
Mural Painting,3
Telecom Sales,3
Vector Tracing,3
Digital Signal Processing,3
Blogging,3
Adobe Audition,3
Meta Pixel,3
Biometrics,3
Robotic Process Automation,3
Legal Review,3
WIKI,3
Pitch Deck Writing,3
Korean Translator,3
Test Strategy Writing,3
Package Design,3
Open Cart,3
International Shipping,3
Safety Consulting,2
Tax Management Consulting,2
DigitalOcean,2
Financial APIs,2
Ecological Consulting,2
ArcGIS,2
Corel Draw,2
Forum Posting,2
Welding,2
Microsoft Exchange,2
Keras,2
Copyright,2
Album Design,2
Tax Accounting,2
Graphics Programming,2
Catch Phrases,2
Natural Language,2
Medical Products,2
Ansible,2
MIDI,2
Vectorworks,2
Property Law,2
Survey Research,2
RTOS,2
Acting,2
Music Management,2
Dthreejs,2
CUDA,2
Salesforce Marketing Cloud,2
Chat Operation,2
Abaqus,2
Instagram API,2
Articulate Storyline,2
Paralegal Services,2
HFT,2
Soldering,2
Format and Layout,2
AI Translation,2
Google Search,2
Drupal,2
Application Performance Monitoring,2
Virtual Reality,2
Generative Design,2
PSD to HTML,2
App Reskin,2
OSINT,2
MLOps,2
Video Tours,2
JMeter,2
Immigration Law,2
Audiobook Narration,2
Google Shopping,2
Prezi,2
Bioinformatics,2
Delivery,2
ABAP Web Dynpro,2
ARM,2
Model Deployment,2
Discord API,2
Furniture Removal,2
Bash,2
Sign Design,2
FileMaker,2
Computer Repair,2
Sketch,2
Event Staffing,2
Cross Browser,2
LLM Integration,2
Kickstarter,2
Etsy,2
R Programming Language,2
Materials Engineering,2
Business Analytics,2
Claude Code,2
Keynote,2
Aspen HYSYS,2
Whiteboard Animation,2
App Localization,2
Amazon Kindle,2
NumPy,2
Amazon App Development,2
Moz,2
Joomla,2
JUnit,2
Forensic Consulting,2
Executive Compensation,2
Rotoscoping,2
Gemini,2
Speech Writing,2
Version Control Git,2
GIF Animation,2
IP Cores,2
Drones,2
Life Coaching,2
Socket IO,2
Agentic AI,2
Firewall,2
JSP,2
Oracle Database,2
Windows Mobile,2
Russian Translator,2
MERN,2
Rapid Prototyping,2
WPF,2
Tax Reporting,2
Firmware,2
Sports,2
Music Video,2
Physical Fitness Training,2
Autodesk Inventor,2
Ansys,2
Process Validation,2
Secretarial,2
Facial Recognition,2
Computer Graphics,2
Slogans,2
Xcode,2
Enterprise Architecture,2
Corporate Social Responsibility,2
Web Crawling,2
Calculus,2
MVC,2
Regression Analysis,2
Animated Video Development,2
Sculpture,2
ClickUp,2
Biology,2
Account Payables Management,2
Medical Translation,2
Health Care Management,2
Facade Design,2
Social Media Post Design,2
System Analysis,2
OpenClaw,2
Vimeo,2
Coding,2
Equipment Rental,2
Editorial Design,2
Rust,2
OpenVPN,2
Debian,2
Modding,2
Healthcare Sales,2
Social Impact,2
FL Studio,2
Telecom,2
Script Install,2
Music Transcription,2
Website Localization,2
Executive Coaching,2
German Tutoring,2
Google Tag Management,2
Electronic Design,2
College Tutoring,2
Kinetic Typography,2
Algebra Tutoring,2
CNC Programming,2
Employee Engagement,2
Zoho Creator,2
Broadcast Engineering,2
PayPal API,2
XAML,2
Push Notification,2
Image Consultation,2
Thai Translator,2
Decking,2
Trademark Registration,2
Vercel,2
Solidity,2
WordPress Multilingual,2
Technology,2
Billing,2
Flow,2
Surveillance,2
Apollo,2
UML Design,2
XMPP,2
FPGA Coding,2
Solutions Architecture,2
Revit Architecture,2
Object Detection,2
Anomaly Detection,2
Roofing,2
Book Artist,1
Econometrics,1
Social Video Marketing,1
Adobe Experience Manager,1
Psychometric Testing,1
Trademark,1
AJAX,1
Calligraphy,1
Pipedrive,1
Power Converters,1
Sports Design,1
Bing Ads,1
Bengali Translator,1
Interactive Advertising,1
Greek Translator,1
Google Earth,1
Parallel Processing,1
RPG Development,1
Bartending,1
Mixing Engineering,1
Freight,1
Flatbed Trucking,1
Content Audit,1
Inside Sales,1
Enterprise Sales,1
Computer Science,1
Korean Tutoring,1
Golang,1
Invoicing,1
wargame design,1
Estimation,1
Mood Board,1
Google Plus,1
SaaS Sales,1
Laundry and Ironing,1
Swahili Translator,1
Digital Electronics,1
Mobile Sales,1
Mobile Repair,1
Prototype Design,1
Masonry,1
Housework,1
Ableton,1
Screen Reader Compatibility,1
Italian Translator,1
Inkscape,1
Cover Letter,1
Typeform,1
YouTube Ads,1
Digital Strategy,1
Lisp,1
Planning Consulting,1
PHPUnit,1
Litecoin,1
Ethereum,1
Japanese Teaching,1
Technology Consulting,1
Canadian French Translator,1
Technical Site Audit,1
Mining Engineering,1
Oracle APEX,1
Gravity Forms,1
Antenna Measurements,1
Samsung,1
Forum Software,1
GeoJSON,1
Creo,1
Core PHP,1
Electronic Forms,1
App Usability Analysis,1
NVDA,1
Comics,1
Demolition,1
Academic Medicine,1
Avaya,1
Fire Alarm Design,1
SendGrid,1
Varnish Cache,1
Certified Public Accountant,1
OAuth,1
Agronomy,1
Ontology,1
Software Performance Testing,1
Material Coating,1
Afrikaans Translator,1
Templates,1
Japanese Tutoring,1
Cold Fusion,1
Water Treatment,1
Micropython,1
Shipping Container,1
Vector Databases,1
Care Management,1
Image Upscaling,1
GIMP,1
Pixel Art,1
Google Systems,1
Puppet,1
Cloudflare,1
NoSQL,1
Unboxing Videos,1
SAP Transformation,1
LLaMA,1
Building,1
ERP Software,1
ActionScript,1
Ruby,1
Elasticsearch,1
Hibernate,1
Whisper AI,1
Playstation VR,1
Online Multiplayer,1
Game Consoles,1
Aeronautical Engineering,1
Plivo,1
BuddyPress,1
UX Research,1
Blog Design,1
Immigration,1
LabVIEW,1
Analytics Sales,1
Tiktok Ads,1
Baking,1
Recruiting Sales,1
Business Coaching,1
Collage Making,1
Press Releases,1
Time Series Analysis,1
ChatGPT AI Integration,1
Wireless Coverage Assessment,1
MERN Stack,1
Active Directory,1
Redshift,1
Quality Engineering,1
Indonesian Translator,1
Cloud Networking,1
eLearning,1
Hardware Security Module,1
Poetry,1
Compliance Engineering,1
LoRa,1
Microbiology,1
Video Broadcasting,1
Minitab,1
JavaFX,1
Prompt Writing,1
Midjourney Logo Prompt Writing,1
Microsoft Project,1
Polish Translator,1
Windows API,1
Hot Water Installation,1
Traditional Animation,1
Relux,1
Windows Service,1
Microsoft Graph,1
AutoCAD Architecture,1
PEGA PRPC,1
Case Study Writing,1
YOLO,1
LearnDash,1
Color Contrast Analyzer,1
Direct Mail,1
Quality and Reliability Testing,1
OSCommerce,1
Records Management,1
General Office,1
SurveyMonkey,1
Geometry,1
Data Backup,1
Ruby on Rails,1
Vietnamese Translator,1
Business Central,1
Amazon ECS,1
Physics Tutoring,1
Mechatronics,1
Norwegian Translator,1
Abstract,1
Azure OpenAI,1
Turkish Translator,1
Alarm Systems,1
Mac OS,1
Mobile Welding,1
Solar Panel Installation,1
Tax Risk Management,1
Accessibility Consultancy,1
PySpark,1
Affinity Designer,1
Qt,1
Model Monitoring,1
Prompt Engineering,1
Bash Scripting,1
Personal Tax,1
Control System Design,1
ActiveCampaign,1
Soundcloud Promotion,1
QR Code Making,1
Hubspot Marketing,1
Magazine Design,1
Google Cloud Platform,1
Electric Repair,1
Data Annotating,1
Combinatorial Problem Solving,1
Radio Access Network Commissioning,1
Text Recognition,1
Digital Product Design,1
Scrum,1
Spanish Tutoring,1
Editorial Writing,1
Chinese Tutoring,1
Vibe Coding,1
Interiors,1
Schematic Review,1
Workshops,1
Newsletters,1
Investment Banking,1
Open Source,1
Mastercam,1
Capital Markets,1
iMovie,1
Construction Monitoring,1
BigCommerce,1
Kling,1
Amazon CloudFormation,1
Order Processing,1
Machine Learning Algorithms,1
Business Requirement Documentation,1
Book Review,1
Binance,1
Cloud Monitoring,1
MapKit,1
Electronics repair,1
Pytorch,1
Value Added Tax,1
Financial Software Development,1
Zbrush,1
Encryption,1
Visual Studio,1
Firefox,1
Swedish Translator,1
Computer Support,1
Kajabi,1
AgentGPT,1
Criminal Law,1
Machinery,1
AutoCAD Advance Steel,1
Annual Report Design,1
Frontend Frameworks,1
Excavation,1
Food Delivery,1
Underwriting,1
Insurance,1
US Taxation,1
Fabric Printing Design,1
Programmatic Advertising,1
Political science,1
Security Camera,1
ChatGPT Search Optimization,1
Childrens Book Illustration,1
Java Spring,1
Motor Control,1
Market Sizing,1
Beta Reading,1
Tensorflow,1
Motivational Speaking,1
Academic Advising,1
Visual Foxpro,1
Delphi,1
Blueprint Calibration,1
Spotify Ads,1
Embroidery,1
Courier,1
Distributed Systems,1
Circuit Board Layout,1
Appliance Repair,1
Map Reduce,1
Alarm Management,1
Private Equity,1
AI Agent Swarms,1
Diet,1
DirectX,1
ABBYY FineReader,1
Shell Script,1
Investigative Journalism,1
Business Valuation,1
Financial Services Tax,1
Artificial Neural Network,1
GenAI,1
Workflow Consulting,1
Rebranding,1
Codeigniter,1
Renewable Energy Design,1
Energy Modelling,1
Adobe Systems,1
Fraud Detection,1
Geology,1
Svelte,1
AWS Textract,1
AWS SageMaker,1
Clip Studio Paint,1
Kazakh Translator,1
Lawn Mowing,1
Croatian Translator,1
Quora,1
Lumion,1
Asana,1
Selenium Webdriver,1
MailerLite,1
SAP HANA,1
SAP CPI,1
Fencing,1
Facebook Development,1
